Tumblr Tag Count,Tag
1,emojis
18,millenials
1,my mom
1,parents
1,anatomy
1,education
1,health
1,healthcare
18,millenials
1,fleurences
18,millenials
1,social media
1,thoughts
1,collegepark
1,community
1,dmv
1,instacool
1,joinrotary
1,makeadifference
18,millenials
1,operationwarm
1,princegeorgescounty
1,rotary7620
1,rotaryinternational
1,serviceaboveself
1,umd
1,volunteer
1,youngprofessionals
1,cactus
1,irony
1,london
18,millenials
1,plants
2,Millenials
1,climate change
1,republicans
1,world problems
1,failed
18,millenials
1,what will happen to our womderful culture
1,equality will happen
18,millenials
1,so bright it is blinding
1,the future is bright
1,time is on our side
1,we can make things better
1,we just have wait a few decades
1,angela rants
1,generational differences
1,iGen
18,millenials
1,sorry but i am overly invested in this for no good reason
1,Discrimination
1,Generalization
1,Generation
2,Millenials
1,20something
1,beardsofinstagram
1,fall
1,fallfashion
1,followback
1,friday
1,gpoy
1,likeforlike
1,menstyle
18,millenials
1,nyc
1,ootd
1,queens
1,scarf
1,scruff
1,tgif
1,igen
18,millenials
1,30under30
1,dose
1,forbes
1,forbesunder30
18,millenials
1,partpic
1,robynhood
1,sujajuice
1,suzanahallili
1,writelab
1,all_shots
1,beauty
1,bossbabes
1,bosslady
1,capture
1,entrepremeur
1,flower
1,focus
1,girly
1,glam
1,grow
1,instaphotography
18,millenials
1,mobilephotography
1,moment
1,photoart
1,photodaily
1,photogram
1,photographyeveryday
1,photoofday
1,photos
1,pic
1,picture
1,pink
1,snapshot
1,socialmediamanager
1,socialmediamarketing
1,stylish
1,virtual
1,womeninbusiness
1,Marriott
1,Residence Inn
1,food trucks
1,happy hour
18,millenials
1,cant find a job?
1,cant find work
1,cant support myself
18,millenials
1,millennials
1,reddit
1,business disruption
1,click bait
1,clickbait
1,everquest
1,insurance quotes
18,millenials
18,millenials
1,anon
1,anon hate
1,anonymous
1,customer service
18,millenials
1,architecture
1,art
1,beautiful
1,cantsleep
1,collection
1,creative
1,creator
1,mag
1,magazine
18,millenials
1,mood
1,nature
1,neversleep
1,nosleep
1,photo
1,photographer
1,photography
1,regram
1,sleepless
1,sleeplessmagazine
